{"entities":{"pages":{"api-docs":{"id":"api-docs","title":"JS","url":"api-docs.html","level":0,"pages":["Getting-Started","JavaScript-Variable","Data-Types","JavaScript-Operators","Flow-Control-Statements","Arrays","Functions","Objects","JSON","Asynchronous-Js","Scope-Scope-Chain-Lexical-Scope-Closure","Prototypes-Inheritance","ES6","Object-Oriented-Programing","DOM","JS-Web-APIs"],"tabIndex":0},"Getting-Started":{"id":"Getting-Started","title":"Getting Started","url":"getting-started.html","level":1,"parentId":"api-docs","tabIndex":0},"JavaScript-Variable":{"id":"JavaScript-Variable","title":"JavaScript Variable","url":"javascript-variable.html","level":1,"parentId":"api-docs","tabIndex":1},"Data-Types":{"id":"Data-Types","title":"Data Types","url":"data-types.html","level":1,"parentId":"api-docs","tabIndex":2},"JavaScript-Operators":{"id":"JavaScript-Operators","title":"JavaScript Operators","url":"javascript-operators.html","level":1,"parentId":"api-docs","tabIndex":3},"Flow-Control-Statements":{"id":"Flow-Control-Statements","title":"Control Flow Statements","url":"flow-control-statements.html","level":1,"parentId":"api-docs","tabIndex":4},"Arrays":{"id":"Arrays","title":"Arrays","url":"arrays.html","level":1,"parentId":"api-docs","tabIndex":5},"Functions":{"id":"Functions","title":"Functions","url":"functions.html","level":1,"parentId":"api-docs","tabIndex":6},"Objects":{"id":"Objects","title":"Objects","url":"objects.html","level":1,"parentId":"api-docs","tabIndex":7},"JSON":{"id":"JSON","title":"JSON","url":"json.html","level":1,"parentId":"api-docs","tabIndex":8},"Asynchronous-Js":{"id":"Asynchronous-Js","title":"Asynchronous Js","url":"asynchronous-js.html","level":1,"parentId":"api-docs","tabIndex":9},"Scope-Scope-Chain-Lexical-Scope-Closure":{"id":"Scope-Scope-Chain-Lexical-Scope-Closure","title":"Scope, Scope Chain, Lexical Scope \u0026 Closure","url":"scope-scope-chain-lexical-scope-closure.html","level":1,"parentId":"api-docs","tabIndex":10},"Prototypes-Inheritance":{"id":"Prototypes-Inheritance","title":"Prototypes \u0026 Inheritance","url":"prototypes-inheritance.html","level":1,"parentId":"api-docs","tabIndex":11},"ES6":{"id":"ES6","title":"ES6","url":"es6.html","level":1,"parentId":"api-docs","tabIndex":12},"Object-Oriented-Programing":{"id":"Object-Oriented-Programing","title":"Object-Oriented Programing","url":"object-oriented-programing.html","level":1,"parentId":"api-docs","tabIndex":13},"DOM":{"id":"DOM","title":"DOM","url":"dom.html","level":1,"parentId":"api-docs","tabIndex":14},"JS-Web-APIs":{"id":"JS-Web-APIs","title":"JS Web APIs","url":"js-web-apis.html","level":1,"parentId":"api-docs","tabIndex":15},"TS":{"id":"TS","title":"TS","url":"ts.html","level":0,"pages":["setting-up-ts-project","Typescript-Basics","Strings","Numbers","BigInt","Boolean","Null-Undefined","Objects-in-Ts","Arrays-in-TS","Custom-Types","Special-Types","Typescript-Operators","Flow-Control-Statements-in-TS","JSON-","Asynchronous-TS","Functions-in-Ts","Classes","Advanced-Types","Generics","Generics-Practise-Scenarios","DOM-in-TS","JS-Web-APIs-","DOM-Moview-Project"],"tabIndex":1},"setting-up-ts-project":{"id":"setting-up-ts-project","title":"Setting-up a TS project","url":"setting-up-ts-project.html","level":1,"parentId":"TS","tabIndex":0},"Typescript-Basics":{"id":"Typescript-Basics","title":"Typescript Basics","url":"typescript-basics.html","level":1,"parentId":"TS","tabIndex":1},"Strings":{"id":"Strings","title":"Strings","url":"strings.html","level":1,"parentId":"TS","tabIndex":2},"Numbers":{"id":"Numbers","title":"Numbers","url":"numbers.html","level":1,"parentId":"TS","tabIndex":3},"BigInt":{"id":"BigInt","title":"BigInt","url":"bigint.html","level":1,"parentId":"TS","tabIndex":4},"Boolean":{"id":"Boolean","title":"Boolean","url":"boolean.html","level":1,"parentId":"TS","tabIndex":5},"Null-Undefined":{"id":"Null-Undefined","title":"Null \u0026 Undefined","url":"null-undefined.html","level":1,"parentId":"TS","tabIndex":6},"Objects-in-Ts":{"id":"Objects-in-Ts","title":"Objects in Ts","url":"objects-in-ts.html","level":1,"parentId":"TS","tabIndex":7},"Arrays-in-TS":{"id":"Arrays-in-TS","title":"Arrays in TS","url":"arrays-in-ts.html","level":1,"parentId":"TS","tabIndex":8},"Custom-Types":{"id":"Custom-Types","title":"Custom Types","url":"custom-types.html","level":1,"parentId":"TS","tabIndex":9},"Special-Types":{"id":"Special-Types","title":"Special Types","url":"special-types.html","level":1,"parentId":"TS","tabIndex":10},"Typescript-Operators":{"id":"Typescript-Operators","title":"Typescript Operators","url":"typescript-operators.html","level":1,"parentId":"TS","tabIndex":11},"Flow-Control-Statements-in-TS":{"id":"Flow-Control-Statements-in-TS","title":"Control Flow Statements in TS","url":"flow-control-statements-in-ts.html","level":1,"parentId":"TS","tabIndex":12},"JSON-":{"id":"JSON-","title":"JSON","url":"json.html","level":1,"parentId":"TS","tabIndex":13},"Asynchronous-TS":{"id":"Asynchronous-TS","title":"Asynchronous TS","url":"asynchronous-ts.html","level":1,"parentId":"TS","tabIndex":14},"Functions-in-Ts":{"id":"Functions-in-Ts","title":"Functions in Ts","url":"functions-in-ts.html","level":1,"parentId":"TS","tabIndex":15},"Classes":{"id":"Classes","title":"Object Oriented Programing in TS","url":"classes.html","level":1,"parentId":"TS","tabIndex":16},"Advanced-Types":{"id":"Advanced-Types","title":"OOP Practise Scenarios","url":"advanced-types.html","level":1,"parentId":"TS","tabIndex":17},"Generics":{"id":"Generics","title":"Generics","url":"generics.html","level":1,"parentId":"TS","tabIndex":18},"Generics-Practise-Scenarios":{"id":"Generics-Practise-Scenarios","title":"Generics-Practise Scenarios","url":"generics-practise-scenarios.html","level":1,"parentId":"TS","tabIndex":19},"DOM-in-TS":{"id":"DOM-in-TS","title":"DOM in TS","url":"dom-in-ts.html","level":1,"parentId":"TS","tabIndex":20},"JS-Web-APIs-":{"id":"JS-Web-APIs-","title":"JS Web APIs","url":"js-web-apis.html","level":1,"parentId":"TS","tabIndex":21},"DOM-Moview-Project":{"id":"DOM-Moview-Project","title":"DOM: Movie Project \u0026 IndexedDB","url":"dom-moview-project.html","level":1,"parentId":"TS","tabIndex":22}}},"topLevelIds":["api-docs","TS"]}