{"entities":{"pages":{"api-docs":{"id":"api-docs","title":"JS","url":"api-docs.html","level":0,"pages":["Getting-Started","Data-Types","JavaScript-Operators","Flow-Control-Statements","Arrays","Functions","Objects","Scope-Scope-Chain-Lexical-Scope-Closure","Prototypes-Inheritance","Operators","DOM"],"tabIndex":0},"Getting-Started":{"id":"Getting-Started","title":"Getting Started","url":"getting-started.html","level":1,"parentId":"api-docs","tabIndex":0},"Data-Types":{"id":"Data-Types","title":"Data Types","url":"data-types.html","level":1,"parentId":"api-docs","tabIndex":1},"JavaScript-Operators":{"id":"JavaScript-Operators","title":"JavaScript Operators","url":"javascript-operators.html","level":1,"parentId":"api-docs","tabIndex":2},"Flow-Control-Statements":{"id":"Flow-Control-Statements","title":"Flow Control Statements","url":"flow-control-statements.html","level":1,"parentId":"api-docs","tabIndex":3},"Arrays":{"id":"Arrays","title":"Arrays","url":"arrays.html","level":1,"parentId":"api-docs","tabIndex":4},"Functions":{"id":"Functions","title":"Functions","url":"functions.html","level":1,"parentId":"api-docs","tabIndex":5},"Objects":{"id":"Objects","title":"Objects","url":"objects.html","level":1,"parentId":"api-docs","tabIndex":6},"Scope-Scope-Chain-Lexical-Scope-Closure":{"id":"Scope-Scope-Chain-Lexical-Scope-Closure","title":"Scope, Scope Chain, Lexical Scope \u0026 Closure","url":"scope-scope-chain-lexical-scope-closure.html","level":1,"parentId":"api-docs","tabIndex":7},"Prototypes-Inheritance":{"id":"Prototypes-Inheritance","title":"Prototypes \u0026 Inheritance","url":"prototypes-inheritance.html","level":1,"parentId":"api-docs","tabIndex":8},"Operators":{"id":"Operators","title":"Operators","url":"operators.html","level":1,"parentId":"api-docs","tabIndex":9},"DOM":{"id":"DOM","title":"DOM","url":"dom.html","level":1,"parentId":"api-docs","tabIndex":10},"TS":{"id":"TS","title":"TS","url":"ts.html","level":0,"pages":["Getting-Started-with-TS","Typescript-Basics","Strings","Numbers","BigInt","Boolean","Null-Undefined","Objects-in-Ts","Special-Types","Advanced-Types","Typescript-Operators","Flow-Control-Statements-in-TS","Functions-in-Ts","Custom-Types","Classes","Generics","DOM-in-TS"],"tabIndex":1},"Getting-Started-with-TS":{"id":"Getting-Started-with-TS","title":"Getting Started with TS","url":"getting-started-with-ts.html","level":1,"parentId":"TS","tabIndex":0},"Typescript-Basics":{"id":"Typescript-Basics","title":"Typescript Basics","url":"typescript-basics.html","level":1,"parentId":"TS","tabIndex":1},"Strings":{"id":"Strings","title":"Strings","url":"strings.html","level":1,"parentId":"TS","tabIndex":2},"Numbers":{"id":"Numbers","title":"Numbers","url":"numbers.html","level":1,"parentId":"TS","tabIndex":3},"BigInt":{"id":"BigInt","title":"BigInt","url":"bigint.html","level":1,"parentId":"TS","tabIndex":4},"Boolean":{"id":"Boolean","title":"Boolean","url":"boolean.html","level":1,"parentId":"TS","tabIndex":5},"Null-Undefined":{"id":"Null-Undefined","title":"Null \u0026 Undefined","url":"null-undefined.html","level":1,"parentId":"TS","tabIndex":6},"Objects-in-Ts":{"id":"Objects-in-Ts","title":"Objects in Ts","url":"objects-in-ts.html","level":1,"parentId":"TS","tabIndex":7},"Special-Types":{"id":"Special-Types","title":"Special Types","url":"special-types.html","level":1,"parentId":"TS","tabIndex":8},"Advanced-Types":{"id":"Advanced-Types","title":"Advanced Types","url":"advanced-types.html","level":1,"parentId":"TS","tabIndex":9},"Typescript-Operators":{"id":"Typescript-Operators","title":"Typescript Operators","url":"typescript-operators.html","level":1,"parentId":"TS","tabIndex":10},"Flow-Control-Statements-in-TS":{"id":"Flow-Control-Statements-in-TS","title":"Flow Control Statements in TS","url":"flow-control-statements-in-ts.html","level":1,"parentId":"TS","tabIndex":11},"Functions-in-Ts":{"id":"Functions-in-Ts","title":"Functions in Ts","url":"functions-in-ts.html","level":1,"parentId":"TS","tabIndex":12},"Custom-Types":{"id":"Custom-Types","title":"Custom Types","url":"custom-types.html","level":1,"parentId":"TS","tabIndex":13},"Classes":{"id":"Classes","title":"Classes","url":"classes.html","level":1,"parentId":"TS","tabIndex":14},"Generics":{"id":"Generics","title":"Generics","url":"generics.html","level":1,"parentId":"TS","tabIndex":15},"DOM-in-TS":{"id":"DOM-in-TS","title":"DOM in TS","url":"dom-in-ts.html","level":1,"parentId":"TS","tabIndex":16}}},"topLevelIds":["api-docs","TS"]}